80;00374-065;Bssmnqrkow;25;F;103.359.979-84;
6;00658-312;Ckuxmdjgpa;34;M;847.902.002-66;
57;01434-946;Atlagwmnka;27;M;211.610.860-03;
86;04389-450;Knsnmrpavd;13;M;137.078.913-26;
61;13814-051;Obicdlalfz;47;M;325.204.539-15;
99;14481-758;Cabsquhqeg;12;F;471.956.300-32;
39;17950-460;Rezslcfguq;42;M;720.955.050-63;
80;18218-869;Yaqszbcaty;42;F;213.856.822-34;
15;22687-306;Zuwanyyaqa;15;F;193.224.181-74;
81;25827-168;Zasanqkxqw;43;M;950.802.803-28;
46;27218-905;Wmfkuilzle;26;F;705.929.458-61;
47;27307-089;Afaawubbvm;41;F;503.450.529-49;
16;27791-759;Alljvnuuoe;47;F;293.096.165-88;
60;29640-386;Rwqwrnnpdm;14;F;220.947.486-44;
85;42038-421;Udlvxwbbuj;39;F;318.350.406-38;
70;46526-455;Ujueurhrey;43;M;762.948.654-10;
15;46659-230;Dwjpdqxrzq;24;M;771.278.941-79;
54;46804-968;Ttxuqbkaov;12;F;422.928.313-78;
35;47206-994;Qrvocbszge;13;F;941.244.049-87;
1;50939-229;Axmnxzowng;19;F;751.942.001-92;
22;54478-273;Hiaarpqzkb;12;M;902.078.558-13;
83;61313-093;Gbkvlzpaiv;20;M;883.980.927-72;
25;62791-591;Hupmodtreb;28;F;052.105.713-80;
1;65222-540;Rvbiiufmcy;36;M;659.825.396-19;
91;67222-637;Cajrkeaejc;24;F;902.034.842-09;
93;67745-428;Jurhtjgtmn;46;M;718.568.860-72;
39;68618-940;Fopuvmaspu;33;F;541.125.893-26;
19;75228-268;Yfypdshuag;18;M;919.423.304-18;
17;75776-189;Eorwalpmpa;30;F;182.203.913-46;
64;90407-618;Fsqbgelaxh;31;F;090.263.384-37;
65;92673-566;Cuzjpqaieg;47;F;936.088.491-02;
71;98279-192;Fqpfbaacdm;21;F;494.864.066-45;
