37;00508-408;Kkvdnbsiwx;24;M;684.506.062-16;
34;00649-604;Qjaxeohyap;42;F;816.237.952-92;
59;05451-905;Pgpqaywmrx;16;F;940.629.861-41;
60;05652-852;Mfckzvupyf;47;F;341.180.421-10;
14;06226-723;Tvdsaauxdn;44;M;205.071.149-59;
82;08167-751;Wfstitkztu;36;M;197.057.856-02;
32;09376-293;Holchenwve;49;M;467.422.491-30;
5;10210-175;Qyzfqtgfat;18;F;158.618.376-12;
5;10210-175;Qyzfqtgfat;18;F;158.618.376-12;
77;13131-026;Qztcozztyq;14;M;419.536.824-89;
88;14106-467;Hklozrrakp;28;M;442.796.582-37;
49;31634-530;Pvsfgmgadb;15;M;197.831.209-65;
11;35306-942;Ozmbzqqklj;50;F;273.398.258-04;
75;35442-421;Tqmxhaydar;36;M;069.709.941-27;
75;35442-421;Tqmxhaydar;36;M;069.709.941-27;
20;39303-847;Hpkynrlyqf;33;M;160.582.075-39;
86;50398-705;Xlmmqteacx;35;M;782.602.680-58;
86;50398-705;Xlmmqteacx;35;M;782.602.680-58;
65;51208-810;Hbmqaqzlag;34;F;039.510.065-32;
34;58841-013;Qjlvjsqitu;27;M;426.298.723-29;
70;60043-995;Audpgemfnk;19;M;594.715.414-65;
36;61909-704;Jirdmavpuh;11;M;846.181.084-94;
89;68140-630;Jfrbkcmvpn;38;M;846.960.271-91;
69;69950-436;Aihkeoucxd;49;M;062.463.617-66;
23;70530-852;Swkgncwwnz;21;F;283.851.183-42;
80;72327-288;Decaadrtdl;24;F;747.118.313-27;
81;77082-010;Envypcpvsw;50;M;588.452.849-18;
81;77082-010;Envypcpvsw;50;M;588.452.849-18;
92;80193-442;Gbxxgapbsr;28;M;750.756.671-04;
98;84711-763;Gpybarravy;35;F;223.629.765-69;
63;84717-905;Tdenwmbcbu;28;F;656.251.533-84;
72;86554-609;Aigumlabgu;41;F;149.646.357-90;
82;88644-037;Hbwaneasav;29;M;602.525.396-42;
82;88740-869;Ewoanudpju;39;F;578.213.247-60;
34;88818-460;Ekpnzgluam;46;M;027.746.345-75;
7;95716-374;Fkamvrfpks;36;M;030.895.036-45;
